date,country,D,H,I,M,S
2021-04-01,Afghanistan,0,37,0,0,0
2021-04-01,Argentina,0,42,0,0,0
2021-04-01,Sweden,0,9,0,0,0
2021-04-02,Afghanistan,0,34,3,0,0
2021-04-02,Argentina,0,34,8,0,0
2021-04-02,Sweden,0,4,5,0,0
2021-04-03,Afghanistan,0,29,8,0,0
2021-04-03,Argentina,0,23,19,0,0
2021-04-03,Sweden,0,3,6,0,0
2021-04-04,Afghanistan,0,22,15,0,0
2021-04-04,Argentina,0,16,26,0,0
2021-04-04,Sweden,0,1,8,0,0
2021-04-05,Afghanistan,0,19,18,0,0
2021-04-05,Argentina,0,13,29,0,0
2021-04-05,Sweden,0,1,8,0,0
2021-04-06,Afghanistan,0,16,18,2,1
2021-04-06,Argentina,0,9,25,6,2
2021-04-06,Sweden,0,0,4,1,4
2021-04-07,Afghanistan,0,16,13,3,5
2021-04-07,Argentina,0,7,16,10,9
2021-04-07,Sweden,0,0,3,2,4
2021-04-08,Afghanistan,0,12,10,5,10
2021-04-08,Argentina,0,5,11,12,14
2021-04-08,Sweden,0,0,1,3,5
2021-04-09,Afghanistan,0,8,11,6,12
2021-04-09,Argentina,0,4,9,13,16
2021-04-09,Sweden,0,0,1,3,5
2021-04-10,Afghanistan,0,8,8,7,14
2021-04-10,Argentina,0,4,5,17,16
2021-04-10,Sweden,0,0,0,4,5
2021-04-11,Afghanistan,0,6,10,7,14
2021-04-11,Argentina,0,4,3,17,18
2021-04-11,Sweden,0,0,0,4,5
2021-04-12,Afghanistan,0,6,6,11,14
2021-04-12,Argentina,0,3,2,18,19
2021-04-12,Sweden,0,0,0,4,5
2021-04-13,Afghanistan,0,5,3,13,16
2021-04-13,Argentina,0,3,1,19,19
2021-04-13,Sweden,0,0,0,4,5
2021-04-14,Afghanistan,0,3,5,13,16
2021-04-14,Argentina,0,3,1,19,19
2021-04-14,Sweden,0,0,0,4,5
2021-04-15,Afghanistan,0,3,3,15,16
2021-04-15,Argentina,0,3,1,19,19
2021-04-15,Sweden,0,0,0,4,5
2021-04-16,Afghanistan,0,3,3,15,16
2021-04-16,Argentina,0,2,1,19,20
2021-04-16,Sweden,0,0,0,4,5
2021-04-17,Afghanistan,0,3,2,16,16
2021-04-17,Argentina,0,2,1,19,20
2021-04-17,Sweden,0,0,0,4,5
2021-04-18,Afghanistan,0,3,0,18,16
2021-04-18,Argentina,0,2,1,19,20
2021-04-18,Sweden,0,0,0,4,5
2021-04-19,Afghanistan,0,3,0,18,16
2021-04-19,Argentina,0,2,1,19,20
2021-04-19,Sweden,0,0,0,4,5
2021-04-20,Afghanistan,0,3,0,19,15
2021-04-20,Argentina,0,1,1,22,18
2021-04-20,Sweden,2,0,0,6,1
2021-04-21,Afghanistan,1,3,0,22,11
2021-04-21,Argentina,0,1,1,29,11
2021-04-21,Sweden,2,0,0,6,1
2021-04-22,Afghanistan,1,3,0,27,6
2021-04-22,Argentina,0,1,1,34,6
2021-04-22,Sweden,2,0,0,7,0
2021-04-23,Afghanistan,1,3,0,29,4
2021-04-23,Argentina,0,1,1,36,4
2021-04-23,Sweden,2,0,0,7,0
2021-04-24,Afghanistan,2,2,1,30,2
2021-04-24,Argentina,0,1,0,37,4
2021-04-24,Sweden,2,0,0,7,0
2021-04-25,Afghanistan,2,2,1,30,2
2021-04-25,Argentina,0,0,1,39,2
2021-04-25,Sweden,2,0,0,7,0
2021-04-26,Afghanistan,2,2,1,30,2
2021-04-26,Argentina,0,0,1,40,1
2021-04-26,Sweden,2,0,0,7,0
2021-04-27,Afghanistan,2,2,1,32,0
2021-04-27,Argentina,0,0,1,40,1
2021-04-27,Sweden,2,0,0,7,0
2021-04-28,Afghanistan,2,2,0,33,0
2021-04-28,Argentina,0,0,1,40,1
2021-04-28,Sweden,2,0,0,7,0
2021-04-29,Afghanistan,2,2,0,33,0
2021-04-29,Argentina,0,0,0,40,2
2021-04-29,Sweden,2,0,0,7,0
2021-04-30,Afghanistan,2,2,0,33,0
2021-04-30,Argentina,0,0,0,41,1
2021-04-30,Sweden,2,0,0,7,0
2021-05-01,Afghanistan,2,2,0,33,0
2021-05-01,Argentina,0,0,0,41,1
2021-05-01,Sweden,2,0,0,7,0
2021-05-02,Afghanistan,2,2,0,33,0
2021-05-02,Argentina,0,0,0,41,1
2021-05-02,Sweden,2,0,0,7,0
2021-05-03,Afghanistan,2,2,0,33,0
2021-05-03,Argentina,0,0,0,41,1
2021-05-03,Sweden,2,0,0,7,0
2021-05-04,Afghanistan,2,2,0,33,0
2021-05-04,Argentina,0,0,0,41,1
2021-05-04,Sweden,2,0,0,7,0
2021-05-05,Afghanistan,2,1,1,33,0
2021-05-05,Argentina,0,0,0,41,1
2021-05-05,Sweden,2,0,0,7,0
2021-05-06,Afghanistan,2,1,1,33,0
2021-05-06,Argentina,0,0,0,41,1
2021-05-06,Sweden,2,0,0,7,0
2021-05-07,Afghanistan,2,1,1,33,0
2021-05-07,Argentina,0,0,0,41,1
2021-05-07,Sweden,2,0,0,7,0
2021-05-08,Afghanistan,2,1,1,33,0
2021-05-08,Argentina,0,0,0,41,1
2021-05-08,Sweden,2,0,0,7,0
2021-05-09,Afghanistan,2,1,0,33,1
2021-05-09,Argentina,0,0,0,41,1
2021-05-09,Sweden,2,0,0,7,0
2021-05-10,Afghanistan,2,1,0,33,1
2021-05-10,Argentina,0,0,0,41,1
2021-05-10,Sweden,2,0,0,7,0
2021-05-11,Afghanistan,2,1,0,33,1
2021-05-11,Argentina,0,0,0,41,1
2021-05-11,Sweden,2,0,0,7,0
2021-05-12,Afghanistan,2,1,0,33,1
2021-05-12,Argentina,0,0,0,41,1
2021-05-12,Sweden,2,0,0,7,0
2021-05-13,Afghanistan,2,1,0,33,1
2021-05-13,Argentina,0,0,0,42,0
2021-05-13,Sweden,2,0,0,7,0
2021-05-14,Afghanistan,2,1,0,33,1
2021-05-14,Argentina,0,0,0,42,0
2021-05-14,Sweden,2,0,0,7,0
2021-05-15,Afghanistan,2,1,0,33,1
2021-05-15,Argentina,0,0,0,42,0
2021-05-15,Sweden,2,0,0,7,0
2021-05-16,Afghanistan,2,1,0,33,1
2021-05-16,Argentina,0,0,0,42,0
2021-05-16,Sweden,2,0,0,7,0
2021-05-17,Afghanistan,2,1,0,33,1
2021-05-17,Argentina,0,0,0,42,0
2021-05-17,Sweden,2,0,0,7,0
2021-05-18,Afghanistan,2,0,1,33,1
2021-05-18,Argentina,0,0,0,42,0
2021-05-18,Sweden,2,0,0,7,0
2021-05-19,Afghanistan,2,0,1,33,1
2021-05-19,Argentina,0,0,0,42,0
2021-05-19,Sweden,2,0,0,7,0
2021-05-20,Afghanistan,2,0,1,33,1
2021-05-20,Argentina,0,0,0,42,0
2021-05-20,Sweden,2,0,0,7,0
2021-05-21,Afghanistan,2,0,1,33,1
2021-05-21,Argentina,0,0,0,42,0
2021-05-21,Sweden,2,0,0,7,0
2021-05-22,Afghanistan,2,0,0,33,2
2021-05-22,Argentina,0,0,0,42,0
2021-05-22,Sweden,2,0,0,7,0
2021-05-23,Afghanistan,2,0,0,34,1
2021-05-23,Argentina,0,0,0,42,0
2021-05-23,Sweden,2,0,0,7,0
2021-05-24,Afghanistan,2,0,0,34,1
2021-05-24,Argentina,0,0,0,42,0
2021-05-24,Sweden,2,0,0,7,0
2021-05-25,Afghanistan,2,0,0,34,1
2021-05-25,Argentina,0,0,0,42,0
2021-05-25,Sweden,2,0,0,7,0
2021-05-26,Afghanistan,2,0,0,34,1
2021-05-26,Argentina,0,0,0,42,0
2021-05-26,Sweden,2,0,0,7,0
2021-05-27,Afghanistan,2,0,0,34,1
2021-05-27,Argentina,0,0,0,42,0
2021-05-27,Sweden,2,0,0,7,0
2021-05-28,Afghanistan,2,0,0,34,1
2021-05-28,Argentina,0,0,0,42,0
2021-05-28,Sweden,2,0,0,7,0
2021-05-29,Afghanistan,2,0,0,34,1
2021-05-29,Argentina,0,0,0,42,0
2021-05-29,Sweden,2,0,0,7,0
2021-05-30,Afghanistan,2,0,0,34,1
2021-05-30,Argentina,0,0,0,42,0
2021-05-30,Sweden,2,0,0,7,0
2021-05-31,Afghanistan,2,0,0,34,1
2021-05-31,Argentina,0,0,0,42,0
2021-05-31,Sweden,2,0,0,7,0
2021-06-01,Afghanistan,2,0,0,34,1
2021-06-01,Argentina,0,0,0,42,0
2021-06-01,Sweden,2,0,0,7,0
2021-06-02,Afghanistan,2,0,0,34,1
2021-06-02,Argentina,0,0,0,42,0
2021-06-02,Sweden,2,0,0,7,0
2021-06-03,Afghanistan,2,0,0,34,1
2021-06-03,Argentina,0,0,0,42,0
2021-06-03,Sweden,2,0,0,7,0
2021-06-04,Afghanistan,2,0,0,34,1
2021-06-04,Argentina,0,0,0,42,0
2021-06-04,Sweden,2,0,0,7,0
2021-06-05,Afghanistan,2,0,0,35,0
2021-06-05,Argentina,0,0,0,42,0
2021-06-05,Sweden,2,0,0,7,0
2021-06-06,Afghanistan,2,0,0,35,0
2021-06-06,Argentina,0,0,0,42,0
2021-06-06,Sweden,2,0,0,7,0
2021-06-07,Afghanistan,2,0,0,35,0
2021-06-07,Argentina,0,0,0,42,0
2021-06-07,Sweden,2,0,0,7,0
2021-06-08,Afghanistan,2,0,0,35,0
2021-06-08,Argentina,0,0,0,42,0
2021-06-08,Sweden,2,0,0,7,0
2021-06-09,Afghanistan,2,0,0,35,0
2021-06-09,Argentina,0,0,0,42,0
2021-06-09,Sweden,2,0,0,7,0
2021-06-10,Afghanistan,2,0,0,35,0
2021-06-10,Argentina,0,0,0,42,0
2021-06-10,Sweden,2,0,0,7,0
2021-06-11,Afghanistan,2,0,0,35,0
2021-06-11,Argentina,0,0,0,42,0
2021-06-11,Sweden,2,0,0,7,0
2021-06-12,Afghanistan,2,0,0,35,0
2021-06-12,Argentina,0,0,0,42,0
2021-06-12,Sweden,2,0,0,7,0
2021-06-13,Afghanistan,2,0,0,35,0
2021-06-13,Argentina,0,0,0,42,0
2021-06-13,Sweden,2,0,0,7,0
2021-06-14,Afghanistan,2,0,0,35,0
2021-06-14,Argentina,0,0,0,42,0
2021-06-14,Sweden,2,0,0,7,0
2021-06-15,Afghanistan,2,0,0,35,0
2021-06-15,Argentina,0,0,0,42,0
2021-06-15,Sweden,2,0,0,7,0
2021-06-16,Afghanistan,2,0,0,35,0
2021-06-16,Argentina,0,0,0,42,0
2021-06-16,Sweden,2,0,0,7,0
2021-06-17,Afghanistan,2,0,0,35,0
2021-06-17,Argentina,0,0,0,42,0
2021-06-17,Sweden,2,0,0,7,0
2021-06-18,Afghanistan,2,0,0,35,0
2021-06-18,Argentina,0,0,0,42,0
2021-06-18,Sweden,2,0,0,7,0
2021-06-19,Afghanistan,2,0,0,35,0
2021-06-19,Argentina,0,0,0,42,0
2021-06-19,Sweden,2,0,0,7,0
2021-06-20,Afghanistan,2,0,0,35,0
2021-06-20,Argentina,0,0,0,42,0
2021-06-20,Sweden,2,0,0,7,0
2021-06-21,Afghanistan,2,0,0,35,0
2021-06-21,Argentina,0,0,0,42,0
2021-06-21,Sweden,2,0,0,7,0
2021-06-22,Afghanistan,2,0,0,35,0
2021-06-22,Argentina,0,0,0,42,0
2021-06-22,Sweden,2,0,0,7,0
2021-06-23,Afghanistan,2,0,0,35,0
2021-06-23,Argentina,0,0,0,42,0
2021-06-23,Sweden,2,0,0,7,0
2021-06-24,Afghanistan,2,0,0,35,0
2021-06-24,Argentina,0,0,0,42,0
2021-06-24,Sweden,2,0,0,7,0
2021-06-25,Afghanistan,2,0,0,35,0
2021-06-25,Argentina,0,0,0,42,0
2021-06-25,Sweden,2,0,0,7,0
2021-06-26,Afghanistan,2,0,0,35,0
2021-06-26,Argentina,0,0,0,42,0
2021-06-26,Sweden,2,0,0,7,0
2021-06-27,Afghanistan,2,0,0,35,0
2021-06-27,Argentina,0,0,0,42,0
2021-06-27,Sweden,2,0,0,7,0
2021-06-28,Afghanistan,2,0,0,35,0
2021-06-28,Argentina,0,0,0,42,0
2021-06-28,Sweden,2,0,0,7,0
2021-06-29,Afghanistan,2,0,0,35,0
2021-06-29,Argentina,0,0,0,42,0
2021-06-29,Sweden,2,0,0,7,0
2021-06-30,Afghanistan,2,0,0,35,0
2021-06-30,Argentina,0,0,0,42,0
2021-06-30,Sweden,2,0,0,7,0
2021-07-01,Afghanistan,2,0,0,35,0
2021-07-01,Argentina,0,0,0,42,0
2021-07-01,Sweden,2,0,0,7,0
2021-07-02,Afghanistan,2,0,0,35,0
2021-07-02,Argentina,0,0,0,42,0
2021-07-02,Sweden,2,0,0,7,0
2021-07-03,Afghanistan,2,0,0,35,0
2021-07-03,Argentina,0,0,0,42,0
2021-07-03,Sweden,2,0,0,7,0
2021-07-04,Afghanistan,2,0,0,35,0
2021-07-04,Argentina,0,0,0,42,0
2021-07-04,Sweden,2,0,0,7,0
2021-07-05,Afghanistan,2,0,0,35,0
2021-07-05,Argentina,0,0,0,42,0
2021-07-05,Sweden,2,0,0,7,0
2021-07-06,Afghanistan,2,0,0,35,0
2021-07-06,Argentina,0,0,0,42,0
2021-07-06,Sweden,2,0,0,7,0
2021-07-07,Afghanistan,2,0,0,35,0
2021-07-07,Argentina,0,0,0,42,0
2021-07-07,Sweden,2,0,0,7,0
2021-07-08,Afghanistan,2,0,0,35,0
2021-07-08,Argentina,0,0,0,42,0
2021-07-08,Sweden,2,0,0,7,0
2021-07-09,Afghanistan,2,0,0,35,0
2021-07-09,Argentina,0,0,0,42,0
2021-07-09,Sweden,2,0,0,7,0
2021-07-10,Afghanistan,2,0,0,35,0
2021-07-10,Argentina,0,0,0,42,0
2021-07-10,Sweden,2,0,0,7,0
2021-07-11,Afghanistan,2,0,0,35,0
2021-07-11,Argentina,0,0,0,42,0
2021-07-11,Sweden,2,0,0,7,0
2021-07-12,Afghanistan,2,0,0,35,0
2021-07-12,Argentina,0,0,0,42,0
2021-07-12,Sweden,2,0,0,7,0
2021-07-13,Afghanistan,2,0,0,35,0
2021-07-13,Argentina,0,0,0,42,0
2021-07-13,Sweden,2,0,0,7,0
2021-07-14,Afghanistan,2,0,0,35,0
2021-07-14,Argentina,0,0,0,42,0
2021-07-14,Sweden,2,0,0,7,0
2021-07-15,Afghanistan,2,0,0,35,0
2021-07-15,Argentina,0,0,0,42,0
2021-07-15,Sweden,2,0,0,7,0
2021-07-16,Afghanistan,2,0,0,35,0
2021-07-16,Argentina,0,0,0,42,0
2021-07-16,Sweden,2,0,0,7,0
2021-07-17,Afghanistan,2,0,0,35,0
2021-07-17,Argentina,0,0,0,42,0
2021-07-17,Sweden,2,0,0,7,0
2021-07-18,Afghanistan,2,0,0,35,0
2021-07-18,Argentina,0,0,0,42,0
2021-07-18,Sweden,2,0,0,7,0
2021-07-19,Afghanistan,2,0,0,35,0
2021-07-19,Argentina,0,0,0,42,0
2021-07-19,Sweden,2,0,0,7,0
2021-07-20,Afghanistan,2,0,0,35,0
2021-07-20,Argentina,0,0,0,42,0
2021-07-20,Sweden,2,0,0,7,0
2021-07-21,Afghanistan,2,0,0,35,0
2021-07-21,Argentina,0,0,0,42,0
2021-07-21,Sweden,2,0,0,7,0
2021-07-22,Afghanistan,2,0,0,35,0
2021-07-22,Argentina,0,0,0,42,0
2021-07-22,Sweden,2,0,0,7,0
2021-07-23,Afghanistan,2,0,0,35,0
2021-07-23,Argentina,0,0,0,42,0
2021-07-23,Sweden,2,0,0,7,0
2021-07-24,Afghanistan,2,0,0,35,0
2021-07-24,Argentina,0,0,0,42,0
2021-07-24,Sweden,2,0,0,7,0
2021-07-25,Afghanistan,2,0,0,35,0
2021-07-25,Argentina,0,0,0,42,0
2021-07-25,Sweden,2,0,0,7,0
2021-07-26,Afghanistan,2,0,0,35,0
2021-07-26,Argentina,0,0,0,42,0
2021-07-26,Sweden,2,0,0,7,0
2021-07-27,Afghanistan,2,0,0,35,0
2021-07-27,Argentina,0,0,0,42,0
2021-07-27,Sweden,2,0,0,7,0
2021-07-28,Afghanistan,2,0,0,35,0
2021-07-28,Argentina,0,0,0,42,0
2021-07-28,Sweden,2,0,0,7,0
2021-07-29,Afghanistan,2,0,0,35,0
2021-07-29,Argentina,0,0,0,42,0
2021-07-29,Sweden,2,0,0,7,0
2021-07-30,Afghanistan,2,0,0,35,0
2021-07-30,Argentina,0,0,0,42,0
2021-07-30,Sweden,2,0,0,7,0
2021-07-31,Afghanistan,2,0,0,35,0
2021-07-31,Argentina,0,0,0,42,0
2021-07-31,Sweden,2,0,0,7,0
2021-08-01,Afghanistan,2,0,0,35,0
2021-08-01,Argentina,0,0,0,42,0
2021-08-01,Sweden,2,0,0,7,0
2021-08-02,Afghanistan,2,0,0,35,0
2021-08-02,Argentina,0,0,0,42,0
2021-08-02,Sweden,2,0,0,7,0
2021-08-03,Afghanistan,2,0,0,35,0
2021-08-03,Argentina,0,0,0,42,0
2021-08-03,Sweden,2,0,0,7,0
2021-08-04,Afghanistan,2,2,0,33,0
2021-08-04,Argentina,0,6,0,36,0
2021-08-04,Sweden,2,1,0,6,0
2021-08-05,Afghanistan,2,3,0,32,0
2021-08-05,Argentina,0,8,2,32,0
2021-08-05,Sweden,2,1,1,5,0
2021-08-06,Afghanistan,2,4,1,30,0
2021-08-06,Argentina,0,7,5,30,0
2021-08-06,Sweden,2,2,1,4,0
2021-08-07,Afghanistan,2,4,2,29,0
2021-08-07,Argentina,0,6,7,29,0
2021-08-07,Sweden,2,1,2,4,0
2021-08-08,Afghanistan,2,5,2,28,0
2021-08-08,Argentina,0,8,9,25,0
2021-08-08,Sweden,2,2,2,3,0
2021-08-09,Afghanistan,2,4,3,28,0
2021-08-09,Argentina,0,3,12,26,1
2021-08-09,Sweden,2,1,2,3,1
2021-08-10,Afghanistan,2,6,4,25,0
2021-08-10,Argentina,0,4,9,27,2
2021-08-10,Sweden,2,1,2,3,1
2021-08-11,Afghanistan,2,7,4,23,1
2021-08-11,Argentina,0,4,8,27,3
2021-08-11,Sweden,2,1,1,3,2
2021-08-12,Afghanistan,2,6,5,23,1
2021-08-12,Argentina,0,3,7,27,5
2021-08-12,Sweden,2,1,1,3,2
2021-08-13,Afghanistan,2,6,6,21,2
2021-08-13,Argentina,0,3,2,28,9
2021-08-13,Sweden,2,1,0,4,2
2021-08-14,Afghanistan,2,6,4,22,3
2021-08-14,Argentina,0,2,3,28,9
2021-08-14,Sweden,2,1,0,4,2
2021-08-15,Afghanistan,2,5,5,22,3
2021-08-15,Argentina,0,2,2,28,10
2021-08-15,Sweden,2,1,0,4,2
2021-08-16,Afghanistan,2,6,5,20,4
2021-08-16,Argentina,0,1,2,28,11
2021-08-16,Sweden,2,1,0,4,2
2021-08-17,Afghanistan,2,5,4,22,4
2021-08-17,Argentina,0,1,2,28,11
2021-08-17,Sweden,2,1,0,4,2
2021-08-18,Afghanistan,2,5,5,21,4
2021-08-18,Argentina,0,4,1,26,11
2021-08-18,Sweden,2,3,0,2,2
2021-08-19,Afghanistan,2,4,7,20,4
2021-08-19,Argentina,0,11,1,19,11
2021-08-19,Sweden,2,1,2,2,2
2021-08-20,Afghanistan,2,8,7,15,5
2021-08-20,Argentina,0,15,1,14,12
2021-08-20,Sweden,2,1,3,1,2
2021-08-21,Afghanistan,2,5,11,14,5
2021-08-21,Argentina,0,13,5,12,12
2021-08-21,Sweden,2,0,4,1,2
2021-08-22,Afghanistan,2,5,11,13,6
2021-08-22,Argentina,0,11,8,11,12
2021-08-22,Sweden,2,0,4,1,2
2021-08-23,Afghanistan,2,4,8,16,7
2021-08-23,Argentina,1,9,12,9,11
2021-08-23,Sweden,2,0,2,3,2
2021-08-24,Afghanistan,2,4,7,16,8
2021-08-24,Argentina,1,8,13,9,11
2021-08-24,Sweden,2,0,1,4,2
2021-08-25,Afghanistan,3,6,2,16,10
2021-08-25,Argentina,1,6,11,11,13
2021-08-25,Sweden,2,0,0,6,1
2021-08-26,Afghanistan,3,5,3,15,11
2021-08-26,Argentina,1,6,8,14,13
2021-08-26,Sweden,2,0,0,6,1
2021-08-27,Afghanistan,3,5,2,17,10
2021-08-27,Argentina,3,6,4,17,12
2021-08-27,Sweden,2,0,0,6,1
2021-08-28,Afghanistan,3,5,2,18,9
2021-08-28,Argentina,3,4,5,17,13
2021-08-28,Sweden,2,0,0,6,1
2021-08-29,Afghanistan,3,5,2,18,9
2021-08-29,Argentina,3,3,4,19,13
2021-08-29,Sweden,2,0,0,6,1
2021-08-30,Afghanistan,3,4,1,19,10
2021-08-30,Argentina,3,3,4,20,12
2021-08-30,Sweden,2,0,0,6,1
2021-08-31,Afghanistan,3,3,2,19,10
2021-08-31,Argentina,3,3,4,20,12
2021-08-31,Sweden,2,0,0,6,1
2021-09-01,Afghanistan,3,3,2,19,10
2021-09-01,Argentina,3,3,1,22,13
2021-09-01,Sweden,2,0,0,6,1
2021-09-02,Afghanistan,3,2,3,19,10
2021-09-02,Argentina,3,3,0,23,13
2021-09-02,Sweden,2,0,0,6,1
2021-09-03,Afghanistan,3,2,2,20,10
2021-09-03,Argentina,3,1,2,24,12
2021-09-03,Sweden,2,0,0,6,1
2021-09-04,Afghanistan,3,2,1,21,10
2021-09-04,Argentina,3,1,2,24,12
2021-09-04,Sweden,2,0,0,6,1
2021-09-05,Afghanistan,3,1,2,22,9
2021-09-05,Argentina,3,1,2,24,12
2021-09-05,Sweden,2,0,0,6,1
2021-09-06,Afghanistan,3,1,1,23,9
2021-09-06,Argentina,3,1,2,24,12
2021-09-06,Sweden,2,0,0,7,0
2021-09-07,Afghanistan,3,0,2,24,8
2021-09-07,Argentina,3,0,1,26,12
2021-09-07,Sweden,2,0,0,7,0
2021-09-08,Afghanistan,3,0,2,27,5
2021-09-08,Argentina,4,0,1,28,9
2021-09-08,Sweden,2,0,0,7,0
2021-09-09,Afghanistan,4,0,1,27,5
2021-09-09,Argentina,4,0,1,30,7
2021-09-09,Sweden,2,0,0,7,0
2021-09-10,Afghanistan,4,0,1,27,5
2021-09-10,Argentina,4,1,1,32,4
2021-09-10,Sweden,2,0,0,7,0
2021-09-11,Afghanistan,4,0,0,28,5
2021-09-11,Argentina,4,1,0,34,3
2021-09-11,Sweden,2,0,0,7,0
2021-09-12,Afghanistan,4,0,0,28,5
2021-09-12,Argentina,4,1,0,35,2
2021-09-12,Sweden,2,0,0,7,0
2021-09-13,Afghanistan,5,0,0,29,3
2021-09-13,Argentina,4,1,0,35,2
2021-09-13,Sweden,2,0,0,7,0
2021-09-14,Afghanistan,5,0,0,29,3
2021-09-14,Argentina,4,1,0,35,2
2021-09-14,Sweden,2,0,0,7,0
2021-09-15,Afghanistan,5,0,0,29,3
2021-09-15,Argentina,4,1,0,36,1
2021-09-15,Sweden,2,0,0,7,0
2021-09-16,Afghanistan,5,0,0,29,3
2021-09-16,Argentina,4,1,0,36,1
2021-09-16,Sweden,2,0,0,7,0
2021-09-17,Afghanistan,5,0,0,30,2
2021-09-17,Argentina,4,0,1,36,1
2021-09-17,Sweden,2,0,0,7,0
2021-09-18,Afghanistan,5,0,0,30,2
2021-09-18,Argentina,4,0,1,36,1
2021-09-18,Sweden,2,0,0,7,0
2021-09-19,Afghanistan,5,0,0,30,2
2021-09-19,Argentina,4,0,1,36,1
2021-09-19,Sweden,2,0,0,7,0
2021-09-20,Afghanistan,5,1,0,30,1
2021-09-20,Argentina,4,0,1,36,1
2021-09-20,Sweden,2,0,0,7,0
2021-09-21,Afghanistan,5,1,0,30,1
2021-09-21,Argentina,4,0,0,38,0
2021-09-21,Sweden,2,0,0,7,0
2021-09-22,Afghanistan,5,1,0,30,1
2021-09-22,Argentina,4,0,0,38,0
2021-09-22,Sweden,2,0,0,7,0
2021-09-23,Afghanistan,5,1,0,31,0
2021-09-23,Argentina,4,0,0,38,0
2021-09-23,Sweden,2,0,0,7,0
2021-09-24,Afghanistan,5,1,0,31,0
2021-09-24,Argentina,4,0,0,38,0
2021-09-24,Sweden,2,0,0,7,0
2021-09-25,Afghanistan,5,1,0,31,0
2021-09-25,Argentina,4,0,0,38,0
2021-09-25,Sweden,2,0,0,7,0
2021-09-26,Afghanistan,5,1,0,31,0
2021-09-26,Argentina,4,0,0,38,0
2021-09-26,Sweden,2,0,0,7,0
2021-09-27,Afghanistan,5,1,0,31,0
2021-09-27,Argentina,4,0,0,38,0
2021-09-27,Sweden,2,0,0,7,0
2021-09-28,Afghanistan,5,1,0,31,0
2021-09-28,Argentina,4,0,0,38,0
2021-09-28,Sweden,2,0,0,7,0
2021-09-29,Afghanistan,5,1,0,31,0
2021-09-29,Argentina,4,0,0,38,0
2021-09-29,Sweden,2,0,0,7,0
2021-09-30,Afghanistan,5,1,0,31,0
2021-09-30,Argentina,4,0,0,38,0
2021-09-30,Sweden,2,0,0,7,0
2021-10-01,Afghanistan,5,1,0,31,0
2021-10-01,Argentina,4,0,0,38,0
2021-10-01,Sweden,2,0,0,7,0
2021-10-02,Afghanistan,5,1,0,31,0
2021-10-02,Argentina,4,0,0,38,0
2021-10-02,Sweden,2,0,0,7,0
2021-10-03,Afghanistan,5,2,0,30,0
2021-10-03,Argentina,4,0,0,38,0
2021-10-03,Sweden,2,0,0,7,0
2021-10-04,Afghanistan,5,2,0,30,0
2021-10-04,Argentina,4,0,0,38,0
2021-10-04,Sweden,2,0,0,7,0
2021-10-05,Afghanistan,5,1,1,30,0
2021-10-05,Argentina,4,0,0,38,0
2021-10-05,Sweden,2,0,0,7,0
2021-10-06,Afghanistan,5,1,1,30,0
2021-10-06,Argentina,4,0,0,38,0
2021-10-06,Sweden,2,0,0,7,0
2021-10-07,Afghanistan,5,1,1,30,0
2021-10-07,Argentina,4,0,0,38,0
2021-10-07,Sweden,2,0,0,7,0
2021-10-08,Afghanistan,5,0,2,30,0
2021-10-08,Argentina,4,0,0,38,0
2021-10-08,Sweden,2,0,0,7,0
2021-10-09,Afghanistan,5,0,1,30,1
2021-10-09,Argentina,4,0,0,38,0
2021-10-09,Sweden,2,0,0,7,0
2021-10-10,Afghanistan,5,0,1,30,1
2021-10-10,Argentina,4,0,0,38,0
2021-10-10,Sweden,2,0,0,7,0
2021-10-11,Afghanistan,5,0,1,30,1
2021-10-11,Argentina,4,0,0,38,0
2021-10-11,Sweden,2,0,0,7,0
2021-10-12,Afghanistan,5,0,0,31,1
2021-10-12,Argentina,4,0,0,38,0
2021-10-12,Sweden,2,0,0,7,0
2021-10-13,Afghanistan,5,0,0,31,1
2021-10-13,Argentina,4,0,0,38,0
2021-10-13,Sweden,2,0,0,7,0
2021-10-14,Afghanistan,5,0,0,31,1
2021-10-14,Argentina,4,0,0,38,0
2021-10-14,Sweden,2,0,0,7,0
2021-10-15,Afghanistan,5,0,0,31,1
2021-10-15,Argentina,4,0,0,38,0
2021-10-15,Sweden,2,0,0,7,0
2021-10-16,Afghanistan,5,0,0,31,1
2021-10-16,Argentina,4,0,0,38,0
2021-10-16,Sweden,2,0,0,7,0
2021-10-17,Afghanistan,5,0,0,31,1
2021-10-17,Argentina,4,0,0,38,0
2021-10-17,Sweden,2,0,0,7,0
2021-10-18,Afghanistan,5,0,0,31,1
2021-10-18,Argentina,4,0,0,38,0
2021-10-18,Sweden,2,0,0,7,0
2021-10-19,Afghanistan,5,0,0,31,1
2021-10-19,Argentina,4,0,0,38,0
2021-10-19,Sweden,2,0,0,7,0
2021-10-20,Afghanistan,5,0,0,31,1
2021-10-20,Argentina,4,0,0,38,0
2021-10-20,Sweden,2,0,0,7,0
2021-10-21,Afghanistan,5,0,0,31,1
2021-10-21,Argentina,4,0,0,38,0
2021-10-21,Sweden,2,0,0,7,0
2021-10-22,Afghanistan,5,0,0,31,1
2021-10-22,Argentina,4,0,0,38,0
2021-10-22,Sweden,2,0,0,7,0
2021-10-23,Afghanistan,5,0,0,32,0
2021-10-23,Argentina,4,0,0,38,0
2021-10-23,Sweden,2,0,0,7,0
2021-10-24,Afghanistan,5,0,0,32,0
2021-10-24,Argentina,4,0,0,38,0
2021-10-24,Sweden,2,0,0,7,0
2021-10-25,Afghanistan,5,0,0,32,0
2021-10-25,Argentina,4,0,0,38,0
2021-10-25,Sweden,2,0,0,7,0
2021-10-26,Afghanistan,5,0,0,32,0
2021-10-26,Argentina,4,0,0,38,0
2021-10-26,Sweden,2,0,0,7,0
2021-10-27,Afghanistan,5,0,0,32,0
2021-10-27,Argentina,4,0,0,38,0
2021-10-27,Sweden,2,0,0,7,0
2021-10-28,Afghanistan,5,0,0,32,0
2021-10-28,Argentina,4,0,0,38,0
2021-10-28,Sweden,2,0,0,7,0
2021-10-29,Afghanistan,5,0,0,32,0
2021-10-29,Argentina,4,0,0,38,0
2021-10-29,Sweden,2,0,0,7,0
2021-10-30,Afghanistan,5,0,0,32,0
2021-10-30,Argentina,4,0,0,38,0
2021-10-30,Sweden,2,0,0,7,0
2021-10-31,Afghanistan,5,0,0,32,0
2021-10-31,Argentina,4,0,0,38,0
2021-10-31,Sweden,2,0,0,7,0
2021-11-01,Afghanistan,5,0,0,32,0
2021-11-01,Argentina,4,0,0,38,0
2021-11-01,Sweden,2,0,0,7,0
2021-11-02,Afghanistan,5,0,0,32,0
2021-11-02,Argentina,4,0,0,38,0
2021-11-02,Sweden,2,0,0,7,0
2021-11-03,Afghanistan,5,0,0,32,0
2021-11-03,Argentina,4,0,0,38,0
2021-11-03,Sweden,2,0,0,7,0
2021-11-04,Afghanistan,5,0,0,32,0
2021-11-04,Argentina,4,0,0,38,0
2021-11-04,Sweden,2,0,0,7,0
2021-11-05,Afghanistan,5,0,0,32,0
2021-11-05,Argentina,4,0,0,38,0
2021-11-05,Sweden,2,0,0,7,0
2021-11-06,Afghanistan,5,0,0,32,0
2021-11-06,Argentina,4,0,0,38,0
2021-11-06,Sweden,2,0,0,7,0
2021-11-07,Afghanistan,5,0,0,32,0
2021-11-07,Argentina,4,0,0,38,0
2021-11-07,Sweden,2,0,0,7,0
2021-11-08,Afghanistan,5,0,0,32,0
2021-11-08,Argentina,4,0,0,38,0
2021-11-08,Sweden,2,0,0,7,0
2021-11-09,Afghanistan,5,0,0,32,0
2021-11-09,Argentina,4,0,0,38,0
2021-11-09,Sweden,2,0,0,7,0
2021-11-10,Afghanistan,5,0,0,32,0
2021-11-10,Argentina,4,0,0,38,0
2021-11-10,Sweden,2,0,0,7,0
2021-11-11,Afghanistan,5,0,0,32,0
2021-11-11,Argentina,4,0,0,38,0
2021-11-11,Sweden,2,0,0,7,0
2021-11-12,Afghanistan,5,0,0,32,0
2021-11-12,Argentina,4,0,0,38,0
2021-11-12,Sweden,2,0,0,7,0
2021-11-13,Afghanistan,5,0,0,32,0
2021-11-13,Argentina,4,0,0,38,0
2021-11-13,Sweden,2,0,0,7,0
2021-11-14,Afghanistan,5,0,0,32,0
2021-11-14,Argentina,4,0,0,38,0
2021-11-14,Sweden,2,0,0,7,0
2021-11-15,Afghanistan,5,0,0,32,0
2021-11-15,Argentina,4,0,0,38,0
2021-11-15,Sweden,2,0,0,7,0
2021-11-16,Afghanistan,5,0,0,32,0
2021-11-16,Argentina,4,0,0,38,0
2021-11-16,Sweden,2,0,0,7,0
2021-11-17,Afghanistan,5,0,0,32,0
2021-11-17,Argentina,4,0,0,38,0
2021-11-17,Sweden,2,0,0,7,0
2021-11-18,Afghanistan,5,0,0,32,0
2021-11-18,Argentina,4,0,0,38,0
2021-11-18,Sweden,2,0,0,7,0
2021-11-19,Afghanistan,5,0,0,32,0
2021-11-19,Argentina,4,0,0,38,0
2021-11-19,Sweden,2,0,0,7,0
2021-11-20,Afghanistan,5,0,0,32,0
2021-11-20,Argentina,4,0,0,38,0
2021-11-20,Sweden,2,0,0,7,0
2021-11-21,Afghanistan,5,0,0,32,0
2021-11-21,Argentina,4,0,0,38,0
2021-11-21,Sweden,2,0,0,7,0
2021-11-22,Afghanistan,5,0,0,32,0
2021-11-22,Argentina,4,0,0,38,0
2021-11-22,Sweden,2,0,0,7,0
2021-11-23,Afghanistan,5,0,0,32,0
2021-11-23,Argentina,4,0,0,38,0
2021-11-23,Sweden,2,0,0,7,0
2021-11-24,Afghanistan,5,0,0,32,0
2021-11-24,Argentina,4,0,0,38,0
2021-11-24,Sweden,2,0,0,7,0
2021-11-25,Afghanistan,5,0,0,32,0
2021-11-25,Argentina,4,0,0,38,0
2021-11-25,Sweden,2,0,0,7,0
2021-11-26,Afghanistan,5,0,0,32,0
2021-11-26,Argentina,4,0,0,38,0
2021-11-26,Sweden,2,0,0,7,0
2021-11-27,Afghanistan,5,0,0,32,0
2021-11-27,Argentina,4,0,0,38,0
2021-11-27,Sweden,2,0,0,7,0
2021-11-28,Afghanistan,5,0,0,32,0
2021-11-28,Argentina,4,0,0,38,0
2021-11-28,Sweden,2,0,0,7,0
2021-11-29,Afghanistan,5,0,0,32,0
2021-11-29,Argentina,4,0,0,38,0
2021-11-29,Sweden,2,0,0,7,0
2021-11-30,Afghanistan,5,0,0,32,0
2021-11-30,Argentina,4,0,0,38,0
2021-11-30,Sweden,2,0,0,7,0
2021-12-01,Afghanistan,5,0,0,32,0
2021-12-01,Argentina,4,0,0,38,0
2021-12-01,Sweden,2,0,0,7,0
2021-12-02,Afghanistan,5,0,0,32,0
2021-12-02,Argentina,4,0,0,38,0
2021-12-02,Sweden,2,0,0,7,0
2021-12-03,Afghanistan,5,0,0,32,0
2021-12-03,Argentina,4,0,0,38,0
2021-12-03,Sweden,2,0,0,7,0
2021-12-04,Afghanistan,5,0,0,32,0
2021-12-04,Argentina,4,0,0,38,0
2021-12-04,Sweden,2,0,0,7,0
2021-12-05,Afghanistan,5,0,0,32,0
2021-12-05,Argentina,4,0,0,38,0
2021-12-05,Sweden,2,0,0,7,0
2021-12-06,Afghanistan,5,0,0,32,0
2021-12-06,Argentina,4,0,0,38,0
2021-12-06,Sweden,2,0,0,7,0
2021-12-07,Afghanistan,5,0,0,32,0
2021-12-07,Argentina,4,1,0,37,0
2021-12-07,Sweden,2,0,0,7,0
2021-12-08,Afghanistan,5,1,0,31,0
2021-12-08,Argentina,4,3,0,35,0
2021-12-08,Sweden,2,0,0,7,0
2021-12-09,Afghanistan,5,1,0,31,0
2021-12-09,Argentina,4,4,0,34,0
2021-12-09,Sweden,2,0,0,7,0
2021-12-10,Afghanistan,5,0,1,31,0
2021-12-10,Argentina,4,4,0,34,0
2021-12-10,Sweden,2,0,0,7,0
2021-12-11,Afghanistan,5,0,1,31,0
2021-12-11,Argentina,4,5,0,33,0
2021-12-11,Sweden,2,1,0,6,0
2021-12-12,Afghanistan,5,1,1,30,0
2021-12-12,Argentina,4,2,3,33,0
2021-12-12,Sweden,2,0,1,6,0
2021-12-13,Afghanistan,5,2,1,29,0
2021-12-13,Argentina,4,1,4,33,0
2021-12-13,Sweden,2,0,1,6,0
2021-12-14,Afghanistan,5,2,0,30,0
2021-12-14,Argentina,4,1,4,33,0
2021-12-14,Sweden,2,0,1,6,0
2021-12-15,Afghanistan,5,4,0,28,0
2021-12-15,Argentina,4,1,4,33,0
2021-12-15,Sweden,2,0,1,6,0
2021-12-16,Afghanistan,5,3,1,28,0
2021-12-16,Argentina,4,2,1,33,2
2021-12-16,Sweden,2,0,0,7,0
2021-12-17,Afghanistan,5,5,1,26,0
2021-12-17,Argentina,4,2,0,34,2
2021-12-17,Sweden,2,0,0,7,0
2021-12-18,Afghanistan,5,4,2,26,0
2021-12-18,Argentina,4,2,0,34,2
2021-12-18,Sweden,2,0,0,7,0
2021-12-19,Afghanistan,5,3,4,25,0
2021-12-19,Argentina,4,1,1,34,2
2021-12-19,Sweden,2,0,0,7,0
2021-12-20,Afghanistan,5,3,3,26,0
2021-12-20,Argentina,4,0,2,34,2
2021-12-20,Sweden,2,0,0,7,0
2021-12-21,Afghanistan,5,3,6,23,0
2021-12-21,Argentina,4,0,2,34,2
2021-12-21,Sweden,2,2,0,5,0
2021-12-22,Afghanistan,5,2,6,23,1
2021-12-22,Argentina,4,1,2,33,2
2021-12-22,Sweden,2,3,0,4,0
2021-12-23,Afghanistan,5,4,4,22,2
2021-12-23,Argentina,4,3,1,32,2
2021-12-23,Sweden,2,4,1,2,0
2021-12-24,Afghanistan,5,3,5,22,2
2021-12-24,Argentina,4,5,1,30,2
2021-12-24,Sweden,2,2,3,2,0
2021-12-25,Afghanistan,5,3,4,21,4
2021-12-25,Argentina,4,6,3,27,2
2021-12-25,Sweden,2,0,5,2,0
2021-12-26,Afghanistan,5,3,4,20,5
2021-12-26,Argentina,4,5,5,26,2
2021-12-26,Sweden,2,0,5,2,0
2021-12-27,Afghanistan,5,3,4,20,5
2021-12-27,Argentina,4,5,7,24,2
2021-12-27,Sweden,2,0,4,3,0
2021-12-28,Afghanistan,5,3,4,20,5
2021-12-28,Argentina,4,5,7,24,2
2021-12-28,Sweden,2,0,2,4,1
2021-12-29,Afghanistan,5,2,3,21,6
2021-12-29,Argentina,4,3,7,26,2
2021-12-29,Sweden,2,0,0,6,1
2021-12-30,Afghanistan,5,1,3,21,7
2021-12-30,Argentina,5,4,6,25,2
2021-12-30,Sweden,2,0,0,6,1
2021-12-31,Afghanistan,5,1,3,21,7
2021-12-31,Argentina,5,2,7,25,3
2021-12-31,Sweden,2,0,0,6,1
2022-01-01,Afghanistan,5,2,2,21,7
2022-01-01,Argentina,5,3,6,25,3
2022-01-01,Sweden,2,0,0,6,1
2022-01-02,Afghanistan,5,2,2,21,7
2022-01-02,Argentina,5,2,5,25,5
2022-01-02,Sweden,2,0,0,6,1
2022-01-03,Afghanistan,5,3,1,20,8
2022-01-03,Argentina,5,2,4,26,5
2022-01-03,Sweden,2,0,0,6,1
2022-01-04,Afghanistan,5,4,1,19,8
2022-01-04,Argentina,5,2,1,28,6
2022-01-04,Sweden,2,1,0,5,1
2022-01-05,Afghanistan,5,5,1,19,7
2022-01-05,Argentina,5,4,1,26,6
2022-01-05,Sweden,2,0,1,5,1
2022-01-06,Afghanistan,5,6,2,17,7
2022-01-06,Argentina,5,4,2,24,7
2022-01-06,Sweden,2,0,1,5,1
2022-01-07,Afghanistan,5,6,2,17,7
2022-01-07,Argentina,5,6,2,22,7
2022-01-07,Sweden,2,0,1,5,1
2022-01-08,Afghanistan,6,4,4,18,5
2022-01-08,Argentina,5,8,3,19,7
2022-01-08,Sweden,2,0,1,5,1
2022-01-09,Afghanistan,6,4,5,18,4
2022-01-09,Argentina,5,6,7,17,7
2022-01-09,Sweden,2,0,0,6,1
2022-01-10,Afghanistan,6,4,3,19,5
2022-01-10,Argentina,5,6,6,16,9
2022-01-10,Sweden,2,0,0,6,1
2022-01-11,Afghanistan,6,5,3,18,5
2022-01-11,Argentina,5,4,8,16,9
2022-01-11,Sweden,2,0,0,7,0
2022-01-12,Afghanistan,7,5,1,19,5
2022-01-12,Argentina,5,4,7,17,9
2022-01-12,Sweden,2,0,0,7,0
2022-01-13,Afghanistan,8,4,1,19,5
2022-01-13,Argentina,6,5,3,18,10
2022-01-13,Sweden,2,0,0,7,0
2022-01-14,Afghanistan,8,4,1,19,5
2022-01-14,Argentina,6,5,2,19,10
2022-01-14,Sweden,2,0,0,7,0
2022-01-15,Afghanistan,8,5,1,18,5
2022-01-15,Argentina,6,5,0,20,11
2022-01-15,Sweden,2,0,0,7,0
2022-01-16,Afghanistan,8,5,1,18,5
2022-01-16,Argentina,6,4,1,22,9
2022-01-16,Sweden,2,0,0,7,0
2022-01-17,Afghanistan,8,4,1,20,4
2022-01-17,Argentina,6,4,1,22,9
2022-01-17,Sweden,2,0,0,7,0
2022-01-18,Afghanistan,8,5,1,19,4
2022-01-18,Argentina,6,3,2,23,8
2022-01-18,Sweden,2,0,0,7,0
2022-01-19,Afghanistan,8,4,2,19,4
2022-01-19,Argentina,6,5,2,21,8
2022-01-19,Sweden,2,0,0,7,0
2022-01-20,Afghanistan,8,4,2,20,3
2022-01-20,Argentina,6,4,2,22,8
2022-01-20,Sweden,2,0,0,7,0
2022-01-21,Afghanistan,8,5,1,19,4
2022-01-21,Argentina,6,2,4,22,8
2022-01-21,Sweden,2,0,0,7,0
2022-01-22,Afghanistan,8,4,2,19,4
2022-01-22,Argentina,6,2,3,22,9
2022-01-22,Sweden,2,0,0,7,0
2022-01-23,Afghanistan,8,3,2,20,4
2022-01-23,Argentina,6,1,4,22,9
2022-01-23,Sweden,2,0,0,7,0
2022-01-24,Afghanistan,8,3,2,21,3
2022-01-24,Argentina,6,1,3,25,7
2022-01-24,Sweden,2,0,0,7,0
2022-01-25,Afghanistan,8,2,3,21,3
2022-01-25,Argentina,6,1,1,27,7
2022-01-25,Sweden,2,0,0,7,0
2022-01-26,Afghanistan,8,1,3,22,3
2022-01-26,Argentina,6,0,2,27,7
2022-01-26,Sweden,2,0,0,7,0
2022-01-27,Afghanistan,8,1,2,23,3
2022-01-27,Argentina,8,0,1,28,5
2022-01-27,Sweden,2,0,0,7,0
2022-01-28,Afghanistan,8,1,2,23,3
2022-01-28,Argentina,8,0,1,29,4
2022-01-28,Sweden,2,0,0,7,0
2022-01-29,Afghanistan,8,1,1,24,3
2022-01-29,Argentina,8,0,1,30,3
2022-01-29,Sweden,2,0,0,7,0
2022-01-30,Afghanistan,8,1,0,25,3
2022-01-30,Argentina,8,0,0,31,3
2022-01-30,Sweden,2,0,0,7,0
2022-01-31,Afghanistan,8,0,1,25,3
2022-01-31,Argentina,8,0,0,31,3
2022-01-31,Sweden,2,0,0,7,0
2022-02-01,Afghanistan,8,0,1,25,3
2022-02-01,Argentina,8,0,0,31,3
2022-02-01,Sweden,2,0,0,7,0
2022-02-02,Afghanistan,8,0,1,25,3
2022-02-02,Argentina,8,0,0,31,3
2022-02-02,Sweden,2,0,0,7,0
2022-02-03,Afghanistan,8,0,1,25,3
2022-02-03,Argentina,8,0,0,32,2
2022-02-03,Sweden,2,0,0,7,0
2022-02-04,Afghanistan,8,0,0,26,3
2022-02-04,Argentina,8,0,0,32,2
2022-02-04,Sweden,2,0,0,7,0
2022-02-05,Afghanistan,8,0,0,26,3
2022-02-05,Argentina,8,0,0,33,1
2022-02-05,Sweden,2,0,0,7,0
2022-02-06,Afghanistan,8,0,0,26,3
2022-02-06,Argentina,8,0,0,33,1
2022-02-06,Sweden,2,0,0,7,0
2022-02-07,Afghanistan,8,0,0,26,3
2022-02-07,Argentina,8,0,0,33,1
2022-02-07,Sweden,2,0,0,7,0
2022-02-08,Afghanistan,8,0,0,26,3
2022-02-08,Argentina,8,0,0,33,1
2022-02-08,Sweden,2,0,0,7,0
2022-02-09,Afghanistan,8,1,0,26,2
2022-02-09,Argentina,8,0,0,33,1
2022-02-09,Sweden,2,0,0,7,0
2022-02-10,Afghanistan,8,1,0,27,1
2022-02-10,Argentina,8,0,0,34,0
2022-02-10,Sweden,2,0,0,7,0
2022-02-11,Afghanistan,8,1,0,27,1
2022-02-11,Argentina,8,0,0,34,0
2022-02-11,Sweden,2,0,0,7,0
2022-02-12,Afghanistan,8,1,0,27,1
2022-02-12,Argentina,8,0,0,34,0
2022-02-12,Sweden,2,0,0,7,0
2022-02-13,Afghanistan,8,1,0,27,1
2022-02-13,Argentina,8,0,0,34,0
2022-02-13,Sweden,2,0,0,7,0
2022-02-14,Afghanistan,8,1,0,27,1
2022-02-14,Argentina,8,0,0,34,0
2022-02-14,Sweden,2,0,0,7,0
2022-02-15,Afghanistan,8,1,0,27,1
2022-02-15,Argentina,8,0,0,34,0
2022-02-15,Sweden,2,0,0,7,0
2022-02-16,Afghanistan,8,1,0,27,1
2022-02-16,Argentina,8,0,0,34,0
2022-02-16,Sweden,2,0,0,7,0
2022-02-17,Afghanistan,8,1,0,27,1
2022-02-17,Argentina,8,0,0,34,0
2022-02-17,Sweden,2,0,0,7,0
2022-02-18,Afghanistan,8,1,0,28,0
2022-02-18,Argentina,8,0,0,34,0
2022-02-18,Sweden,2,0,0,7,0
2022-02-19,Afghanistan,8,1,0,28,0
2022-02-19,Argentina,8,0,0,34,0
2022-02-19,Sweden,2,0,0,7,0
2022-02-20,Afghanistan,8,2,0,27,0
2022-02-20,Argentina,8,0,0,34,0
2022-02-20,Sweden,2,0,0,7,0
2022-02-21,Afghanistan,8,2,0,27,0
2022-02-21,Argentina,8,0,0,34,0
2022-02-21,Sweden,2,0,0,7,0
2022-02-22,Afghanistan,8,2,0,27,0
2022-02-22,Argentina,8,0,0,34,0
2022-02-22,Sweden,2,0,0,7,0
2022-02-23,Afghanistan,8,2,0,27,0
2022-02-23,Argentina,8,0,0,34,0
2022-02-23,Sweden,2,0,0,7,0
2022-02-24,Afghanistan,8,1,1,27,0
2022-02-24,Argentina,8,0,0,34,0
2022-02-24,Sweden,2,0,0,7,0
2022-02-25,Afghanistan,8,0,2,27,0
2022-02-25,Argentina,8,0,0,34,0
2022-02-25,Sweden,2,0,0,7,0
2022-02-26,Afghanistan,8,0,2,27,0
2022-02-26,Argentina,8,0,0,34,0
2022-02-26,Sweden,2,0,0,7,0
2022-02-27,Afghanistan,8,0,2,27,0
2022-02-27,Argentina,8,0,0,34,0
2022-02-27,Sweden,2,0,0,7,0
2022-02-28,Afghanistan,8,0,1,28,0
2022-02-28,Argentina,8,0,0,34,0
2022-02-28,Sweden,2,0,0,7,0
2022-03-01,Afghanistan,8,0,0,29,0
2022-03-01,Argentina,8,0,0,34,0
2022-03-01,Sweden,2,0,0,7,0
2022-03-02,Afghanistan,8,0,0,29,0
2022-03-02,Argentina,8,0,0,34,0
2022-03-02,Sweden,2,0,0,7,0
2022-03-03,Afghanistan,8,0,0,29,0
2022-03-03,Argentina,8,0,0,34,0
2022-03-03,Sweden,2,0,0,7,0
2022-03-04,Afghanistan,8,0,0,29,0
2022-03-04,Argentina,8,0,0,34,0
2022-03-04,Sweden,2,0,0,7,0
2022-03-05,Afghanistan,8,0,0,29,0
2022-03-05,Argentina,8,0,0,34,0
2022-03-05,Sweden,2,0,0,7,0
2022-03-06,Afghanistan,8,0,0,29,0
2022-03-06,Argentina,8,0,0,34,0
2022-03-06,Sweden,2,0,0,7,0
2022-03-07,Afghanistan,8,0,0,29,0
2022-03-07,Argentina,8,0,0,34,0
2022-03-07,Sweden,2,0,0,7,0
2022-03-08,Afghanistan,8,0,0,29,0
2022-03-08,Argentina,8,0,0,34,0
2022-03-08,Sweden,2,0,0,7,0
2022-03-09,Afghanistan,8,0,0,29,0
2022-03-09,Argentina,8,0,0,34,0
2022-03-09,Sweden,2,0,0,7,0
2022-03-10,Afghanistan,8,0,0,29,0
2022-03-10,Argentina,8,0,0,34,0
2022-03-10,Sweden,2,0,0,7,0
2022-03-11,Afghanistan,8,0,0,29,0
2022-03-11,Argentina,8,0,0,34,0
2022-03-11,Sweden,2,0,0,7,0
2022-03-12,Afghanistan,8,0,0,29,0
2022-03-12,Argentina,8,0,0,34,0
2022-03-12,Sweden,2,0,0,7,0
2022-03-13,Afghanistan,8,0,0,29,0
2022-03-13,Argentina,8,0,0,34,0
2022-03-13,Sweden,2,0,0,7,0
2022-03-14,Afghanistan,8,0,0,29,0
2022-03-14,Argentina,8,0,0,34,0
2022-03-14,Sweden,2,0,0,7,0
2022-03-15,Afghanistan,8,0,0,29,0
2022-03-15,Argentina,8,0,0,34,0
2022-03-15,Sweden,2,0,0,7,0
2022-03-16,Afghanistan,8,0,0,29,0
2022-03-16,Argentina,8,0,0,34,0
2022-03-16,Sweden,2,0,0,7,0
2022-03-17,Afghanistan,8,0,0,29,0
2022-03-17,Argentina,8,0,0,34,0
2022-03-17,Sweden,2,0,0,7,0
2022-03-18,Afghanistan,8,0,0,29,0
2022-03-18,Argentina,8,0,0,34,0
2022-03-18,Sweden,2,0,0,7,0
2022-03-19,Afghanistan,8,0,0,29,0
2022-03-19,Argentina,8,0,0,34,0
2022-03-19,Sweden,2,0,0,7,0
2022-03-20,Afghanistan,8,0,0,29,0
2022-03-20,Argentina,8,0,0,34,0
2022-03-20,Sweden,2,0,0,7,0
2022-03-21,Afghanistan,8,0,0,29,0
2022-03-21,Argentina,8,0,0,34,0
2022-03-21,Sweden,2,0,0,7,0
2022-03-22,Afghanistan,8,0,0,29,0
2022-03-22,Argentina,8,0,0,34,0
2022-03-22,Sweden,2,0,0,7,0
2022-03-23,Afghanistan,8,0,0,29,0
2022-03-23,Argentina,8,0,0,34,0
2022-03-23,Sweden,2,0,0,7,0
2022-03-24,Afghanistan,8,0,0,29,0
2022-03-24,Argentina,8,0,0,34,0
2022-03-24,Sweden,2,0,0,7,0
2022-03-25,Afghanistan,8,0,0,29,0
2022-03-25,Argentina,8,0,0,34,0
2022-03-25,Sweden,2,0,0,7,0
2022-03-26,Afghanistan,8,0,0,29,0
2022-03-26,Argentina,8,0,0,34,0
2022-03-26,Sweden,2,0,0,7,0
2022-03-27,Afghanistan,8,0,0,29,0
2022-03-27,Argentina,8,0,0,34,0
2022-03-27,Sweden,2,0,0,7,0
2022-03-28,Afghanistan,8,0,0,29,0
2022-03-28,Argentina,8,0,0,34,0
2022-03-28,Sweden,2,0,0,7,0
2022-03-29,Afghanistan,8,0,0,29,0
2022-03-29,Argentina,8,0,0,34,0
2022-03-29,Sweden,2,0,0,7,0
2022-03-30,Afghanistan,8,0,0,29,0
2022-03-30,Argentina,8,0,0,34,0
2022-03-30,Sweden,2,0,0,7,0
2022-03-31,Afghanistan,8,0,0,29,0
2022-03-31,Argentina,8,0,0,34,0
2022-03-31,Sweden,2,0,0,7,0
2022-04-01,Afghanistan,8,0,0,29,0
2022-04-01,Argentina,8,0,0,34,0
2022-04-01,Sweden,2,0,0,7,0
2022-04-02,Afghanistan,8,0,0,29,0
2022-04-02,Argentina,8,0,0,34,0
2022-04-02,Sweden,2,0,0,7,0
2022-04-03,Afghanistan,8,0,0,29,0
2022-04-03,Argentina,8,0,0,34,0
2022-04-03,Sweden,2,0,0,7,0
2022-04-04,Afghanistan,8,0,0,29,0
2022-04-04,Argentina,8,0,0,34,0
2022-04-04,Sweden,2,0,0,7,0
2022-04-05,Afghanistan,8,0,0,29,0
2022-04-05,Argentina,8,0,0,34,0
2022-04-05,Sweden,2,0,0,7,0
2022-04-06,Afghanistan,8,0,0,29,0
2022-04-06,Argentina,8,0,0,34,0
2022-04-06,Sweden,2,0,0,7,0
2022-04-07,Afghanistan,8,0,0,29,0
2022-04-07,Argentina,8,0,0,34,0
2022-04-07,Sweden,2,0,0,7,0
2022-04-08,Afghanistan,8,0,0,29,0
2022-04-08,Argentina,8,0,0,34,0
2022-04-08,Sweden,2,0,0,7,0
2022-04-09,Afghanistan,8,0,0,29,0
2022-04-09,Argentina,8,0,0,34,0
2022-04-09,Sweden,2,0,0,7,0
2022-04-10,Afghanistan,8,0,0,29,0
2022-04-10,Argentina,8,0,0,34,0
2022-04-10,Sweden,2,0,0,7,0
2022-04-11,Afghanistan,8,0,0,29,0
2022-04-11,Argentina,8,0,0,34,0
2022-04-11,Sweden,2,0,0,7,0
2022-04-12,Afghanistan,8,0,0,29,0
2022-04-12,Argentina,8,0,0,34,0
2022-04-12,Sweden,2,0,0,7,0
2022-04-13,Afghanistan,8,1,0,28,0
2022-04-13,Argentina,8,0,0,34,0
2022-04-13,Sweden,2,0,0,7,0
2022-04-14,Afghanistan,8,1,0,28,0
2022-04-14,Argentina,8,0,0,34,0
2022-04-14,Sweden,2,0,0,7,0
2022-04-15,Afghanistan,8,1,0,28,0
2022-04-15,Argentina,8,1,0,33,0
2022-04-15,Sweden,2,1,0,6,0
2022-04-16,Afghanistan,8,1,0,28,0
2022-04-16,Argentina,8,2,0,32,0
2022-04-16,Sweden,2,0,1,6,0
2022-04-17,Afghanistan,8,1,0,28,0
2022-04-17,Argentina,8,2,0,32,0
2022-04-17,Sweden,2,0,1,6,0
2022-04-18,Afghanistan,8,1,0,28,0
2022-04-18,Argentina,8,0,2,32,0
2022-04-18,Sweden,2,0,1,6,0
2022-04-19,Afghanistan,8,2,0,27,0
2022-04-19,Argentina,8,0,2,32,0
2022-04-19,Sweden,2,0,1,6,0
2022-04-20,Afghanistan,8,0,2,27,0
2022-04-20,Argentina,8,0,2,32,0
2022-04-20,Sweden,2,0,0,6,1
2022-04-21,Afghanistan,8,0,2,27,0
2022-04-21,Argentina,8,0,2,32,0
2022-04-21,Sweden,2,0,0,6,1
2022-04-22,Afghanistan,8,1,2,26,0
2022-04-22,Argentina,8,1,0,33,0
2022-04-22,Sweden,2,0,0,6,1
2022-04-23,Afghanistan,8,0,3,26,0
2022-04-23,Argentina,8,2,0,32,0
2022-04-23,Sweden,2,0,0,6,1
2022-04-24,Afghanistan,8,1,1,26,1
2022-04-24,Argentina,8,2,0,32,0
2022-04-24,Sweden,2,0,0,6,1
2022-04-25,Afghanistan,8,1,1,26,1
2022-04-25,Argentina,8,2,0,32,0
2022-04-25,Sweden,2,0,0,6,1
2022-04-26,Afghanistan,8,0,2,26,1
2022-04-26,Argentina,8,1,1,32,0
2022-04-26,Sweden,2,1,0,5,1
2022-04-27,Afghanistan,8,1,1,26,1
2022-04-27,Argentina,8,1,2,31,0
2022-04-27,Sweden,2,2,0,4,1
2022-04-28,Afghanistan,8,2,1,25,1
2022-04-28,Argentina,8,2,3,29,0
2022-04-28,Sweden,2,3,1,2,1
2022-04-29,Afghanistan,8,2,1,25,1
2022-04-29,Argentina,8,3,3,28,0
2022-04-29,Sweden,2,3,1,2,1
2022-04-30,Afghanistan,8,2,0,25,2
2022-04-30,Argentina,8,3,3,27,1
2022-04-30,Sweden,2,2,2,2,1
